Category,Title,Headline
Politics,"The Future of Global Diplomacy: Navigating 21st Century Challenges","How International Relations Are Shaping Our World Today"
Economy,"The Rise of Cryptocurrency: Disrupting Traditional Financial Systems","Exploring the Impact of Digital Currency on Global Markets"
Justice,"Reforming Criminal Justice: Toward a Fair and Equitable System","Addressing Inequality within Legal Systems Across Nations"
Religion,"Interfaith Dialogue in Modern Society: Building Bridges Amidst Differences","Understanding Diversity in Religious Beliefs and Practices"
Technology,"Artificial Intelligence in Healthcare: Revolutionizing Patient Care","How AI Is Transforming the Medical Landscape"
Environment,"Combatting Climate Change: Innovations for a Sustainable Future","Urgent Strategies to Preserve Our Planet's Ecosystems"
Health,"Mental Health Awareness in the Workplace: Fostering Supportive Environments","Promoting Well-being in Corporate Settings"
Science,"The Ethical Dilemma of Genetic Engineering: Balancing Progress and Morality","Navigating the Frontiers of Genetic Science Responsibly"
Education,"The Evolution of Remote Learning: Adapting Education in a Digital Era","Revolutionizing Education through Online Platforms"
Business,"Social Entrepreneurship: Merging Profitability with Social Impact","How Businesses Can Drive Positive Change in Communities"
Lifestyle,"Minimalism as a Lifestyle Choice: Embracing Simplicity in a Complex World","Simplifying Life for Greater Fulfillment"
Travel,"Sustainable Tourism: Redefining Travel for a Greener Future","Exploring Eco-Friendly Ways to Explore the World"
Social Issues,"Income Inequality: Bridging the Gap for a Fairer Society","Tackling Socioeconomic Disparities in Communities"
Ethics,"The Ethics of AI: Ensuring Responsible Use in Today's Society","Navigating Moral Quandaries in Artificial Intelligence"
Human Rights,"The Fight for LGBTQ+ Rights Globally: Progress and Challenges","Advancing Equality and Acceptance for All"
Philanthropy,"Impactful Giving: Strategies for Effective and Meaningful Philanthropy","Maximizing the Reach and Impact of Charitable Contributions"
Diversity & Inclusion,"Creating Inclusive Workplaces: Embracing Diversity for Innovation","Why Diversity Matters in Today's Organizations"
Relationships,"Navigating Modern Relationships in a Digital Age","The Challenges and Rewards of Intimacy in a Digital World"
Culture & Arts,"Art as Social Commentary: Exploring the Intersection of Art and Activism","The Power of Creativity in Social Change"
Media & Entertainment,"Streaming Wars: The Evolution of Entertainment Platforms","How Streaming Services Are Shaping Entertainment Consumption"
Spirituality & Faith,"Mindfulness in Everyday Life: Blending Spirituality with Modernity","Finding Balance Through Spiritual Practices"
Wellness & Mindfulness,"Holistic Wellness: Integrating Mind, Body, and Spirit","Strategies for Achieving Balance and Harmony"
Personal Growth,"The Pursuit of Self-Actualization: Journey to Personal Fulfillment","Strategies for Personal Development and Growth"
Mysticism,"Exploring Ancient Mysteries: Unraveling the Enigma of the Unknown","Delving into the Mystical and Unexplained"
Belief Systems,"Understanding Cultural Relativism: Examining Diverse Belief Systems","Respecting and Understanding Different Ideological Frameworks"
Sport,"The Role of Sports in Society: Beyond Competition and Entertainment","How Sports Impact Culture and Communities"
Philosophy,"Existentialism in the Modern World: Navigating Life's Fundamental Questions","Contemplating the Meaning of Existence in Today's Context"
