ProductID,Rating
Product_1,4.8
Product_2,5.7
Product_3,5.3
Product_4,4.8
Product_5,5.9
Product_6,4.0
Product_7,4.7
Product_8,5.9
Product_9,4.0
Product_10,3.4
Product_11,4.1
Product_12,3.6
Product_13,4.5
Product_14,3.8
Product_15,5.6
Product_16,3.3
Product_17,4.3
Product_18,5.0
Product_19,4.1
Product_20,3.7
Product_21,5.0
Product_22,2.5
Product_23,6.0
Product_24,3.6
Product_25,4.8
Product_26,2.9
Product_27,3.2
Product_28,4.0
Product_29,4.5
Product_30,2.8
Product_31,5.5
Product_32,6.0
Product_33,5.1
Product_34,3.9
Product_35,4.0
Product_36,3.5
Product_37,5.1
Product_38,4.5
Product_39,4.4
Product_40,6.5
Product_41,4.6
Product_42,5.4
Product_43,6.3
Product_44,4.0
Product_45,3.8
Product_46,4.2
Product_47,4.6
Product_48,3.8
Product_49,4.0
Product_50,4.1
Product_51,3.7
Product_52,2.2
Product_53,2.7
Product_54,4.7
Product_55,2.9
Product_56,4.8
Product_57,7.4
Product_58,6.1
Product_59,3.2
Product_60,4.7
Product_61,5.4
Product_62,5.3
Product_63,3.8
Product_64,4.5
Product_65,4.1
Product_66,5.4
Product_67,2.7
Product_68,5.2
Product_69,5.0
Product_70,3.5
Product_71,5.0
Product_72,4.3
Product_73,4.7
Product_74,5.4
Product_75,2.8
Product_76,5.1
Product_77,2.3
Product_78,4.2
Product_79,2.7
Product_80,3.1
Product_81,6.1
Product_82,2.3
Product_83,4.9
Product_84,5.0
Product_85,4.4
Product_86,4.1
Product_87,3.9
Product_88,5.1
Product_89,4.5
Product_90,4.8
Product_91,5.5
Product_92,4.5
Product_93,5.5
Product_94,5.4
Product_95,6.6
Product_96,4.2
Product_97,4.8
Product_98,5.8
Product_99,4.3
Product_100,5.5
Product_101,4.7
Product_102,3.1
Product_103,5.3
Product_104,3.5
Product_105,5.1
Product_106,3.2
Product_107,4.2
Product_108,5.9
Product_109,5.4
Product_110,4.1
Product_111,5.2
Product_112,5.5
Product_113,4.0
Product_114,6.0
Product_115,4.5
Product_116,4.8
Product_117,4.0
Product_118,4.7
Product_119,5.4
Product_120,5.4
Product_121,2.3
Product_122,4.9
Product_123,3.1
Product_124,5.4
Product_125,3.6
Product_126,5.7
Product_127,4.4
Product_128,4.6
Product_129,4.5
Product_130,4.7
Product_131,6.1
Product_132,4.0
Product_133,5.7
Product_134,5.3
Product_135,5.2
Product_136,4.0
Product_137,4.8
Product_138,4.4
Product_139,4.3
Product_140,3.2
Product_141,7.5
Product_142,2.8
Product_143,5.6
Product_144,4.6
Product_145,6.8
Product_146,5.8
Product_147,5.2
Product_148,3.0
Product_149,5.5
Product_150,3.8
Product_151,3.5
Product_152,1.9
Product_153,2.5
Product_154,4.9
Product_155,4.6
Product_156,4.0
Product_157,4.2
Product_158,4.4
Product_159,5.0
Product_160,2.4
Product_161,4.9
Product_162,3.2
Product_163,5.1
Product_164,3.3
Product_165,4.1
Product_166,3.8
Product_167,4.9
Product_168,5.5
Product_169,5.3
Product_170,5.8
Product_171,4.6
Product_172,3.9
Product_173,5.2
Product_174,3.7
Product_175,5.1
Product_176,3.1
Product_177,3.9
Product_178,3.6
Product_179,4.6
Product_180,3.4
Product_181,4.8
Product_182,4.7
Product_183,5.7
Product_184,4.5
Product_185,4.4
Product_186,4.1
Product_187,6.2
Product_188,4.8
Product_189,5.2
Product_190,2.5
Product_191,5.1
Product_192,5.9
Product_193,3.7
Product_194,5.1
Product_195,4.5
Product_196,3.7
Product_197,4.5
Product_198,4.7
Product_199,6.4
Product_200,5.6
Product_201,5.3
Product_202,4.3
Product_203,4.2
Product_204,4.8
Product_205,5.5
Product_206,4.5
Product_207,5.7
Product_208,5.4
Product_209,3.6
Product_210,3.6
Product_211,4.1
Product_212,5.4
Product_213,5.5
Product_214,1.6
Product_215,4.2
Product_216,5.2
Product_217,5.0
Product_218,4.7
Product_219,3.8
Product_220,3.9
Product_221,6.3
Product_222,3.7
Product_223,4.4
Product_224,4.7
Product_225,4.9
Product_226,4.9
Product_227,3.1
Product_228,3.7
Product_229,3.7
Product_230,5.2
Product_231,5.1
Product_232,2.1
Product_233,4.3
Product_234,5.5
Product_235,4.8
Product_236,3.7
Product_237,3.7
Product_238,6.2
Product_239,4.9
Product_240,4.7
Product_241,5.6
Product_242,4.4
Product_243,2.6
Product_244,3.3
Product_245,3.6
Product_246,4.7
Product_247,4.3
Product_248,5.2
Product_249,5.4
Product_250,4.7
Product_251,4.3
Product_252,4.3
Product_253,5.5
Product_254,4.5
Product_255,3.5
Product_256,2.9
Product_257,2.9
Product_258,4.9
Product_259,4.7
Product_260,5.6
Product_261,4.4
Product_262,4.4
Product_263,2.7
Product_264,4.4
Product_265,3.9
Product_266,5.4
Product_267,4.8
Product_268,3.8
Product_269,3.9
Product_270,4.4
Product_271,5.0
Product_272,4.0
Product_273,3.6
Product_274,2.3
Product_275,4.4
Product_276,4.7
Product_277,3.4
Product_278,5.7
Product_279,5.6
Product_280,5.5
Product_281,5.2
Product_282,4.1
Product_283,5.9
Product_284,5.3
Product_285,5.6
Product_286,3.7
Product_287,3.4
Product_288,3.9
Product_289,4.1
Product_290,3.6
Product_291,5.3
Product_292,4.8
Product_293,6.1
Product_294,3.8
Product_295,5.8
Product_296,4.6
Product_297,6.1
Product_298,3.3
Product_299,4.4
Product_300,5.2
Product_301,5.1
Product_302,4.8
Product_303,5.2
Product_304,3.6
Product_305,4.1
Product_306,5.0
Product_307,5.5
Product_308,6.2
Product_309,5.4
Product_310,4.8
Product_311,4.3
Product_312,3.2
Product_313,4.0
Product_314,5.9
Product_315,4.8
Product_316,3.8
Product_317,5.2
Product_318,4.4
Product_319,6.0
Product_320,5.4
Product_321,4.4
Product_322,4.5
Product_323,3.4
Product_324,4.8
Product_325,2.7
Product_326,5.9
Product_327,4.7
Product_328,5.6
Product_329,5.2
Product_330,4.7
Product_331,6.5
Product_332,4.5
Product_333,5.6
Product_334,3.6
Product_335,4.3
Product_336,3.9
Product_337,5.4
Product_338,4.0
Product_339,3.0
Product_340,5.5
Product_341,4.0
Product_342,5.7
Product_343,4.8
Product_344,6.2
Product_345,4.8
Product_346,5.1
Product_347,5.1
Product_348,5.2
Product_349,5.0
Product_350,3.7
Product_351,4.7
Product_352,5.2
Product_353,4.9
Product_354,5.7
Product_355,3.5
Product_356,4.2
Product_357,3.2
Product_358,3.1
Product_359,3.6
Product_360,3.5
Product_361,5.5
Product_362,3.7
Product_363,5.2
Product_364,6.0
Product_365,5.4
Product_366,4.5
Product_367,4.2
Product_368,2.5
Product_369,2.8
Product_370,3.8
Product_371,4.6
Product_372,3.4
Product_373,5.4
Product_374,3.3
Product_375,6.2
Product_376,2.7
Product_377,4.5
Product_378,4.6
Product_379,3.6
Product_380,4.6
Product_381,3.0
Product_382,5.2
Product_383,5.0
Product_384,2.9
Product_385,4.2
Product_386,3.9
Product_387,5.0
Product_388,4.5
Product_389,5.3
Product_390,2.8
Product_391,4.4
Product_392,3.8
Product_393,3.3
Product_394,5.5
Product_395,3.0
Product_396,4.7
Product_397,4.4
Product_398,3.6
Product_399,5.5
Product_400,3.3
Product_401,3.8
Product_402,3.5
Product_403,4.6
Product_404,5.2
Product_405,3.4
Product_406,6.0
Product_407,5.0
Product_408,5.9
Product_409,4.6
Product_410,4.1
Product_411,5.2
Product_412,4.5
Product_413,5.3
Product_414,4.5
Product_415,4.8
Product_416,1.4
Product_417,3.8
Product_418,3.8
Product_419,5.4
Product_420,3.0
Product_421,4.6
Product_422,4.0
Product_423,5.5
Product_424,5.2
Product_425,3.9
Product_426,5.5
Product_427,5.4
Product_428,5.3
Product_429,5.4
Product_430,3.7
Product_431,4.3
Product_432,5.5
Product_433,5.0
Product_434,5.4
Product_435,4.1
Product_436,5.4
Product_437,6.0
Product_438,5.0
Product_439,3.0
Product_440,5.8
Product_441,6.3
Product_442,4.6
Product_443,4.9
Product_444,5.5
Product_445,3.0
Product_446,4.0
Product_447,5.9
Product_448,3.7
Product_449,3.2
Product_450,4.8
Product_451,5.7
Product_452,4.6
Product_453,5.4
Product_454,4.4
Product_455,4.5
Product_456,3.1
Product_457,5.3
Product_458,5.8
Product_459,6.3
Product_460,5.5
Product_461,3.2
Product_462,4.6
Product_463,4.2
Product_464,3.9
Product_465,4.2
Product_466,4.4
Product_467,2.9
Product_468,5.1
Product_469,5.0
Product_470,4.8
Product_471,4.4
Product_472,3.3
Product_473,3.1
Product_474,5.4
Product_475,4.2
Product_476,5.4
Product_477,4.9
Product_478,5.2
Product_479,4.3
Product_480,4.5
Product_481,3.7
Product_482,5.6
Product_483,4.0
Product_484,3.2
Product_485,3.8
Product_486,5.4
Product_487,4.4
Product_488,5.7
Product_489,3.9
Product_490,3.0
Product_491,5.3
Product_492,4.4
Product_493,5.5
Product_494,4.3
Product_495,6.0
Product_496,5.1
Product_497,3.2
Product_498,2.4
Product_499,3.8
Product_500,4.1
Product_501,3.7
Product_502,5.4
Product_503,4.8
Product_504,5.1
Product_505,5.0
Product_506,4.3
Product_507,3.0
Product_508,4.3
Product_509,5.3
Product_510,4.5
Product_511,3.6
Product_512,4.3
Product_513,4.1
Product_514,6.2
Product_515,4.6
Product_516,3.9
Product_517,3.9
Product_518,3.5
Product_519,1.3
Product_520,6.8
Product_521,4.8
Product_522,4.0
Product_523,4.0
Product_524,5.9
Product_525,4.9
Product_526,4.6
Product_527,3.4
Product_528,4.7
Product_529,5.1
Product_530,4.8
Product_531,4.1
Product_532,2.9
Product_533,5.7
Product_534,5.0
Product_535,3.7
Product_536,4.2
Product_537,5.1
Product_538,4.5
Product_539,3.5
Product_540,4.1
Product_541,5.0
Product_542,4.4
Product_543,5.2
Product_544,4.8
Product_545,4.0
Product_546,5.0
Product_547,4.2
Product_548,5.3
Product_549,2.8
Product_550,4.0
Product_551,3.7
Product_552,3.3
Product_553,4.3
Product_554,4.4
Product_555,6.0
Product_556,3.5
Product_557,5.1
Product_558,3.1
Product_559,5.3
Product_560,3.4
Product_561,4.7
Product_562,4.6
Product_563,4.5
Product_564,4.0
Product_565,5.0
Product_566,2.8
Product_567,4.3
Product_568,4.5
Product_569,4.1
Product_570,2.9
Product_571,3.7
Product_572,3.9
Product_573,5.5
Product_574,4.6
Product_575,6.1
Product_576,4.5
Product_577,4.8
Product_578,3.7
Product_579,3.9
Product_580,4.3
Product_581,3.6
Product_582,4.1
Product_583,6.7
Product_584,4.7
Product_585,5.1
Product_586,4.4
Product_587,4.3
Product_588,4.9
Product_589,5.2
Product_590,5.8
Product_591,4.5
Product_592,5.3
Product_593,4.5
Product_594,3.6
Product_595,3.6
Product_596,5.0
Product_597,3.5
Product_598,4.0
Product_599,4.8
Product_600,4.7
Product_601,4.1
Product_602,3.8
Product_603,3.9
Product_604,4.3
Product_605,4.8
Product_606,4.7
Product_607,6.2
Product_608,3.9
Product_609,3.9
Product_610,4.8
Product_611,4.1
Product_612,4.9
Product_613,4.1
Product_614,4.2
Product_615,4.7
Product_616,4.8
Product_617,5.3
Product_618,3.2
Product_619,2.8
Product_620,6.0
Product_621,5.6
Product_622,4.5
Product_623,3.3
Product_624,4.2
Product_625,4.3
Product_626,4.2
Product_627,3.9
Product_628,4.1
Product_629,4.4
Product_630,5.0
Product_631,5.3
Product_632,3.8
Product_633,4.3
Product_634,3.4
Product_635,4.2
Product_636,4.6
Product_637,3.6
Product_638,3.5
Product_639,3.9
Product_640,5.4
Product_641,5.4
Product_642,3.7
Product_643,3.4
Product_644,4.9
Product_645,3.7
Product_646,5.2
Product_647,4.0
Product_648,3.9
Product_649,2.9
Product_650,4.0
Product_651,4.7
Product_652,5.1
Product_653,4.3
Product_654,6.1
Product_655,6.0
Product_656,4.4
Product_657,3.0
Product_658,5.0
Product_659,5.5
Product_660,5.8
Product_661,3.8
Product_662,5.2
Product_663,5.9
Product_664,4.1
Product_665,5.1
Product_666,3.0
Product_667,5.3
Product_668,4.2
Product_669,4.8
Product_670,4.7
Product_671,4.5
Product_672,4.7
Product_673,3.1
Product_674,3.0
Product_675,4.4
Product_676,5.5
Product_677,4.9
Product_678,3.2
Product_679,3.9
Product_680,4.6
Product_681,4.6
Product_682,5.1
Product_683,6.2
Product_684,5.3
Product_685,4.1
Product_686,5.2
Product_687,3.6
Product_688,7.3
Product_689,4.6
Product_690,4.2
Product_691,5.7
Product_692,5.0
Product_693,5.0
Product_694,5.8
Product_695,4.2
Product_696,5.1
Product_697,4.8
Product_698,5.5
Product_699,4.1
Product_700,3.9
Product_701,5.9
Product_702,2.2
Product_703,4.1
Product_704,4.1
Product_705,5.5
Product_706,3.8
Product_707,4.2
Product_708,4.8
Product_709,3.1
Product_710,4.2
Product_711,5.2
Product_712,4.6
Product_713,4.1
Product_714,5.3
Product_715,3.4
Product_716,5.1
Product_717,4.0
Product_718,4.8
Product_719,3.8
Product_720,5.7
Product_721,4.4
Product_722,5.0
Product_723,4.4
Product_724,4.8
Product_725,4.8
Product_726,4.0
Product_727,2.6
Product_728,3.5
Product_729,4.5
Product_730,4.2
Product_731,3.3
Product_732,3.8
Product_733,6.6
Product_734,5.0
Product_735,2.9
Product_736,2.2
Product_737,2.0
Product_738,4.3
Product_739,3.8
Product_740,4.6
Product_741,6.5
Product_742,5.9
Product_743,5.2
Product_744,4.4
Product_745,3.9
Product_746,2.8
Product_747,3.5
Product_748,5.9
Product_749,4.9
Product_750,4.8
Product_751,2.4
Product_752,4.9
Product_753,4.3
Product_754,3.4
Product_755,2.8
Product_756,4.7
Product_757,3.6
Product_758,3.5
Product_759,2.6
Product_760,4.2
Product_761,5.8
Product_762,4.4
Product_763,6.2
Product_764,4.6
Product_765,6.6
Product_766,7.8
Product_767,5.5
Product_768,4.6
Product_769,4.1
Product_770,3.5
Product_771,4.1
Product_772,5.7
Product_773,5.3
Product_774,2.2
Product_775,3.7
Product_776,4.9
Product_777,4.3
Product_778,5.0
Product_779,4.0
Product_780,5.2
Product_781,3.6
Product_782,4.5
Product_783,5.5
Product_784,5.0
Product_785,4.5
Product_786,6.9
Product_787,6.1
Product_788,4.2
Product_789,4.4
Product_790,2.7
Product_791,3.6
Product_792,4.0
Product_793,3.2
Product_794,5.7
Product_795,4.0
Product_796,6.5
Product_797,5.6
Product_798,3.9
Product_799,5.1
Product_800,4.2
Product_801,6.1
Product_802,3.5
Product_803,2.2
Product_804,3.8
Product_805,3.6
Product_806,4.4
Product_807,3.9
Product_808,5.7
Product_809,5.1
Product_810,3.9
Product_811,3.2
Product_812,5.8
Product_813,4.6
Product_814,5.8
Product_815,4.4
Product_816,3.1
Product_817,3.3
Product_818,5.4
Product_819,4.2
Product_820,4.4
Product_821,4.4
Product_822,3.6
Product_823,3.6
Product_824,4.0
Product_825,4.2
Product_826,3.7
Product_827,3.9
Product_828,5.7
Product_829,6.1
Product_830,6.7
Product_831,5.8
Product_832,4.2
Product_833,3.9
Product_834,4.9
Product_835,3.1
Product_836,3.4
Product_837,4.1
Product_838,4.9
Product_839,4.7
Product_840,4.1
Product_841,3.2
Product_842,3.3
Product_843,3.0
Product_844,4.3
Product_845,2.5
Product_846,5.7
Product_847,5.5
Product_848,4.0
Product_849,5.2
Product_850,5.3
Product_851,5.6
Product_852,4.6
Product_853,4.3
Product_854,5.9
Product_855,5.2
Product_856,4.9
Product_857,5.0
Product_858,3.9
Product_859,5.4
Product_860,4.4
Product_861,4.5
Product_862,5.5
Product_863,4.4
Product_864,4.6
Product_865,5.6
Product_866,6.2
Product_867,6.0
Product_868,4.8
Product_869,4.0
Product_870,4.8
Product_871,4.6
Product_872,3.2
Product_873,3.7
Product_874,4.2
Product_875,2.3
Product_876,5.3
Product_877,2.9
Product_878,4.6
Product_879,5.6
Product_880,4.3
Product_881,3.5
Product_882,3.3
Product_883,3.9
Product_884,3.2
Product_885,4.5
Product_886,4.7
Product_887,3.2
Product_888,4.9
Product_889,5.9
Product_890,4.8
Product_891,3.6
Product_892,4.7
Product_893,3.5
Product_894,3.3
Product_895,3.6
Product_896,4.5
Product_897,4.3
Product_898,3.7
Product_899,4.9
Product_900,4.7
Product_901,5.0
Product_902,4.7
Product_903,4.9
Product_904,4.7
Product_905,4.6
Product_906,4.9
Product_907,5.7
Product_908,4.7
Product_909,3.5
Product_910,6.1
Product_911,1.3
Product_912,3.4
Product_913,4.9
Product_914,3.1
Product_915,5.7
Product_916,5.0
Product_917,5.6
Product_918,6.0
Product_919,3.6
Product_920,5.1
Product_921,4.4
Product_922,5.8
Product_923,4.2
Product_924,4.9
Product_925,2.7
Product_926,4.3
Product_927,2.7
Product_928,2.9
Product_929,4.5
Product_930,3.3
Product_931,4.8
Product_932,6.5
Product_933,3.8
Product_934,6.2
Product_935,4.7
Product_936,3.3
Product_937,5.9
Product_938,4.2
Product_939,2.2
Product_940,5.8
Product_941,4.8
Product_942,4.1
Product_943,2.2
Product_944,4.7
Product_945,1
Product_946,4.0
Product_947,3.1
Product_948,4.7
Product_949,5.5
Product_950,5.7
Product_951,3.6
Product_952,5.3
Product_953,4.7
Product_954,4.8
Product_955,5.4
Product_956,6.2
Product_957,5.5
Product_958,2.9
Product_959,6.0
Product_960,5.6
Product_961,5.5
Product_962,4.5
Product_963,5.0
Product_964,5.6
Product_965,5.5
Product_966,5.6
Product_967,2.6
Product_968,4.7
Product_969,5.5
Product_970,5.3
Product_971,6.3
Product_972,4.6
Product_973,3.6
Product_974,4.5
Product_975,2.3
Product_976,4.0
Product_977,4.3
Product_978,5.0
Product_979,3.3
Product_980,3.9
Product_981,5.0
Product_982,4.7
Product_983,4.7
Product_984,4.6
Product_985,4.3
Product_986,3.7
Product_987,5.5
Product_988,5.5
Product_989,6.3
Product_990,4.8
Product_991,4.9
Product_992,5.6
Product_993,3.4
Product_994,4.1
Product_995,7.5
Product_996,4.2
Product_997,4.8
Product_998,5.5
Product_999,5.9
Product_1000,5.6
